URL,Category
https://stuffboutiqueit.myshopify.com/,fashion
https://vasofashion.myshopify.com/collections/outfit,fashion
https://92-fashion-shop-online.myshopify.com/,fashion
https://you-and-me-fashion.myshopify.com/,fashion
https://cinema-fashion-store.myshopify.com/,fashion
https://iguanafashionclu.myshopify.com/,fashion
https://fashion-cosmetics-shop.myshopify.com/?srsltid=AfmBOor5DK5CJaHwZa796S5MkC6CDDTiwdZi3r07sU-ObVWOdNuc_46v,fashion
https://aresfashionitaly.myshopify.com/,fashion
https://lagraste.myshopify.com/blogs/moda-sostenibile/moda-fast-fashion,fashion
https://gio-fashion-bacoli.myshopify.com/,fashion
https://luce-beauty.myshopify.com/collections/tutti-i-prodotti,beauty
https://yepoda-it.myshopify.com/,beauty
https://luce-beauty.myshopify.com/collections/viso,beauty
https://persiincorea.myshopify.com/,beauty
https://73ff09-2.myshopify.com/,beauty
https://bonniebeauty-it.myshopify.com/,beauty
https://infinitycosmetics-it.myshopify.com/,beauty
https://nudha-beauty.myshopify.com/,beauty
https://dantina-5339.myshopify.com/products/personalizza-il-tuo-beauty-case-mini,beauty
https://luxury-beautybyfederica-576.myshopify.com/,beauty
https://mimade-conceptstore.myshopify.com/?srsltid=AfmBOoobV3oL18cgSsz25qTJ3kgfpvpsCTaL-mp8h97eJk-19vXF-_V9,accessories
https://damiano-latini.myshopify.com/pages/complementi-darredo-design,accessories
https://damiano-latini.myshopify.com/en/blogs/news/5-idee-regalo-di-design-uniche-per-la-festa-della-mamma,accessories
https://hirodesign.myshopify.com/collections/accessori,accessories
https://abas-fashion-accessories.myshopify.com/,accessories
https://3176f1-36.myshopify.com/,accessories
https://808324-4.myshopify.com/,accessories
https://danishdesignstore.myshopify.com/collections/accessories,accessories
https://damiano-latini.myshopify.com/pages/hang-top,accessories
https://danilo-cascella-premium-store.myshopify.com/it/collections/home-living?page=1,home
https://shop-giardinaggio-san-fruttuoso.myshopify.com/pages/home-living,home
https://homelamp-1.myshopify.com/collections/living,home
https://15u5td-xe.myshopify.com/,home
https://bindomatic-com.myshopify.com/collections/home-living,home
https://ta-daan-shop.myshopify.com/collections/home-garden,home
https://5wjdiy-va.myshopify.com/,home
https://noo-ma.myshopify.com/,home
https://2747cf-2.myshopify.com/collections/all?page=1&phcursor=eyJhbGciOiJIUzI1NiJ9.eyJzayI6InByb2R1Y3RfdGl0bGUiLCJzdiI6IkJsdWUgUm95YWxlIFBhc3RhIFBsYXRlIiwiZCI6ImIiLCJ1aWQiOjc3NzUwNzM0MzU3MTgsImwiOjEyLCJvIjowLCJyIjoiQ1AiLCJ2IjoxfQ.MAD4PnLep99TDklDdy4yiKbVTlPlTYR8tOqagWowf8E,home
https://mobil-garden.myshopify.com/,home
