Brand,URL,Category
Stuff Boutique - Moda Donna & Shopping Online ...,https://stuffboutiqueit.myshopify.com/,fashion
OUTFIT,https://vasofashion.myshopify.com/collections/outfit,fashion
92 Fashion Shop: 92 Negozio di Moda - Abbigliamento Uomo ...,https://92-fashion-shop-online.myshopify.com/,fashion
Cinema Fashion Store - shop multimarca,https://cinema-fashion-store.myshopify.com/,fashion
You and Me Fashion - Store di Abbigliamento Uomo e Donna,https://you-and-me-fashion.myshopify.com/,fashion
Iguana Fashion club | Boutique di lusso – iguanafashionclub,https://iguanafashionclu.myshopify.com/,fashion
Ares Fashion abbigliamento made in Italy – ARES FASHION,https://aresfashionitaly.myshopify.com/,fashion
Blackout Fashion Store – Blackout Fashion Taranto,https://blackout-fashion-taranto.myshopify.com/,fashion
Fashion Cosmetics Shop| Cosmesi e Make Up| Offerte e Sconti,https://fashion-cosmetics-shop.myshopify.com/?srsltid=AfmBOoqb0BUJt-EgASMDkH59EJEcMepXeAcTu9N6mg6UO1IN9DVT5Jji,fashion
Fashion NÖE,https://fashion-noe.myshopify.com/,fashion
Tutti i prodotti - Luce Beauty by Alessia Marcuzzi,https://luce-beauty.myshopify.com/collections/tutti-i-prodotti,beauty
Routine & Kit per il viso - Luce Beauty By Alessia Marcuzzi,https://luce-beauty.myshopify.com/collections/routine-viso,beauty
Yepoda: Skincare Coreana,https://yepoda-it.myshopify.com/,beauty
K-ippun Haru | Skincare Coreana 24h a casa tua,https://persiincorea.myshopify.com/,beauty
INFINITY COSMETICS® - EASY BEAUTY EVERYDAY,https://infinitycosmetics-it.myshopify.com/,beauty
Bonnie Beauty – BonnieBeauty.it,https://bonniebeauty-it.myshopify.com/,beauty
Cosmetici viso naturali - Skincare Biologica,https://luce-beauty.myshopify.com/collections/viso,beauty
Beauty Professional - Prodotti per la tua Bellezza,https://73ff09-2.myshopify.com/,beauty
Nudha Beauty - Linea Skincare Essenziale,https://nudha-beauty.myshopify.com/,beauty
Personalizza il tuo beauty case Mini,https://dantina-5339.myshopify.com/products/personalizza-il-tuo-beauty-case-mini,beauty
MIMADE Atelier di design • Accessori & home decor ...,https://mimade-conceptstore.myshopify.com/?srsltid=AfmBOoqYpFOkQAwCLSDsZ7606LTNo8vVYDmB9YMDnTtIOLH_lw6i4UAY,accessories
Complementi d'Arredo di Design,https://damiano-latini.myshopify.com/pages/complementi-darredo-design,accessories
Complementi di Arredo di Design,https://damiano-latini.myshopify.com/pages/complementi-darredo,accessories
"Keepup Shop - Design, Lifestyle & Pet",https://3176f1-36.myshopify.com/,accessories
Le migliori idee regalo di design per la casa | Damiano Latini,https://damiano-latini.myshopify.com/en/blogs/news/le-migliori-idee-regalo-di-design,accessories
Giovelli Design - Italian Handmade Leather Photo Albums ...,https://giovelli-design.myshopify.com/,accessories
Complementi,https://hirodesign.myshopify.com/collections/accessori,accessories
"Cloto: Shop Mobili Design, Arredamento di lusso e Accessori ...",https://808324-4.myshopify.com/,accessories
Serax – SERAX,https://serax-shop.myshopify.com/,accessories
HOME & LIVING,https://danilo-cascella-premium-store.myshopify.com/it/collections/home-living?page=1,home
Home & Living,https://shop-giardinaggio-san-fruttuoso.myshopify.com/pages/home-living,home
Home & Living - Premium Furniture for Modern Spaces,https://15u5td-xe.myshopify.com/,home
Home & Living – Home Lamp,https://homelamp-1.myshopify.com/collections/living,home
Home & Living,https://bindomatic-com.myshopify.com/collections/home-living,home
Home & Living,https://ta-daan-shop.myshopify.com/collections/home-garden,home
noo.ma | Contemporary design for those who care,https://noo-ma.myshopify.com/,home
VIRHOME.SHOP/HOME – VIRHOME E-COMMERCE,https://5wjdiy-va.myshopify.com/,home
Maroon - Mrunali Gajjar Home & Living,https://prints-by-mrunali-gajjar.myshopify.com/products/maroon-copy?srsltid=AfmBOopjGnlOBLbpeJMFlRR5CjrLIXX_O1DJy3Q2hawjtW1KpzaGTyUB,home
Palms Home & Living,https://2747cf-2.myshopify.com/,home
